months_as_customer,age,policy_state,policy_csl,policy_deductable,policy_annual_premium,umbrella_limit,insured_sex,insured_education_level,insured_occupation,insured_hobbies,insured_relationship,capital-gains,capital-loss,incident_type,collision_type,incident_severity,authorities_contacted,incident_state,incident_city,incident_location,incident_hour_of_the_day,number_of_vehicles_involved,property_damage,bodily_injuries,witnesses,police_report_available,total_claim_amount,injury_claim,property_claim,vehicle_claim,auto_year,Actual_Label,Fraud_Probability,Priority
439,56,IN,250/500,500,1082.49,0,FEMALE,PhD,prof-specialty,chess,unmarried,36100,-55000,Multi-vehicle Collision,Front Collision,Major Damage,Fire,SC,Columbus,4866 4th Hwy,12,3,,2,3,,56430,0,6270,50160,2014,0,0.9970765,High
188,33,IL,250/500,1000,1340.24,0,MALE,High School,protective-serv,chess,own-child,0,-68800,Multi-vehicle Collision,Rear Collision,Minor Damage,Police,NY,Hillsdale,5280 Pine Ave,8,3,YES,1,0,,76010,13820,6910,55280,1995,1,0.9954845,High
272,41,OH,250/500,2000,945.73,5000000,MALE,MD,protective-serv,chess,wife,38600,-42800,Single Vehicle Collision,Front Collision,Minor Damage,Fire,NY,Arlington,4981 Flute Hwy,23,1,NO,0,0,NO,84100,16820,8410,58870,2009,1,0.99529856,High
86,26,OH,100/300,500,1382.88,7000000,MALE,JD,tech-support,cross-fit,other-relative,0,-30300,Single Vehicle Collision,Rear Collision,Minor Damage,Police,SC,Northbend,2293 Washington Ave,11,1,,1,1,YES,81840,14880,7440,59520,2011,1,0.9936206,High
154,34,IN,100/300,500,795.23,0,MALE,PhD,machine-op-inspct,base-jumping,other-relative,36900,0,Multi-vehicle Collision,Rear Collision,Major Damage,Police,NY,Springfield,6618 Cherokee Drive,15,3,YES,2,1,,69480,15440,0,54040,2014,1,0.9922369,High
140,36,OH,500/1000,2000,979.26,0,FEMALE,JD,transport-moving,cross-fit,own-child,0,-67000,Multi-vehicle Collision,Front Collision,Major Damage,Fire,NY,Riverwood,7495 Washington Ave,2,4,YES,0,2,YES,72800,14560,14560,43680,1998,0,0.9914125,High
422,60,IN,100/300,1000,1555.52,0,FEMALE,MD,machine-op-inspct,hiking,own-child,43600,-67800,Single Vehicle Collision,Front Collision,Major Damage,Ambulance,NC,Northbrook,8949 Rock Hwy,11,1,YES,1,1,NO,85250,15500,7750,62000,1999,0,0.989291,High
111,27,OH,250/500,500,1459.97,5000000,MALE,MD,sales,yachting,other-relative,0,0,Multi-vehicle Collision,Side Collision,Major Damage,Police,SC,Northbend,4983 MLK Ridge,2,3,NO,1,2,NO,80850,7350,14700,58800,2011,1,0.9867194,High
479,60,IL,100/300,2000,1304.83,0,FEMALE,College,other-service,cross-fit,husband,0,0,Single Vehicle Collision,Rear Collision,Total Loss,Ambulance,NY,Arlington,3982 Weaver Lane,18,1,NO,0,0,NO,60600,5050,10100,45450,2001,0,0.9859949,High
381,55,OH,500/1000,500,1459.99,0,FEMALE,MD,other-service,chess,wife,35900,0,Single Vehicle Collision,Rear Collision,Major Damage,Fire,SC,Northbrook,7544 Washington Ave,8,1,YES,1,2,YES,60600,12120,6060,42420,2011,0,0.9826087,High
274,43,OH,100/300,2000,1352.31,0,MALE,College,farming-fishing,basketball,wife,40700,-47300,Single Vehicle Collision,Front Collision,Major Damage,Fire,NY,Northbend,8983 Francis Ridge,22,1,YES,0,3,YES,63840,10640,10640,42560,2006,1,0.9822567,High
219,43,IN,100/300,1000,1114.29,0,FEMALE,High School,transport-moving,polo,other-relative,51300,0,Single Vehicle Collision,Side Collision,Major Damage,Ambulance,VA,Northbrook,4699 Texas Ridge,1,1,,2,2,YES,66660,6060,6060,54540,2006,0,0.9794788,High
360,51,IL,500/1000,1000,1526.61,0,MALE,Masters,handlers-cleaners,chess,not-in-family,0,-32900,Vehicle Theft,,Minor Damage,Police,SC,Hillsdale,4264 Lincoln Ridge,5,1,YES,2,2,,4620,840,840,2940,2009,1,0.9777529,High
121,34,IN,500/1000,500,1285.42,0,MALE,MD,priv-house-serv,video-games,wife,0,0,Single Vehicle Collision,Front Collision,Major Damage,Fire,VA,Northbrook,1578 5th Lane,11,1,NO,1,1,NO,67300,6730,6730,53840,2000,1,0.9719098,High
282,43,OH,250/500,500,1452.27,0,MALE,MD,farming-fishing,video-games,not-in-family,75800,0,Single Vehicle Collision,Side Collision,Major Damage,Ambulance,SC,Northbend,5868 Best Drive,19,1,NO,1,2,NO,46800,4680,9360,32760,2007,1,0.9702737,High
436,58,OH,250/500,2000,1407.01,5000000,MALE,PhD,tech-support,sleeping,other-relative,47400,-27600,Single Vehicle Collision,Rear Collision,Major Damage,Police,WV,Riverwood,3658 Rock Drive,10,1,,0,2,,59900,11980,5990,41930,1997,1,0.9640291,High
138,30,OH,500/1000,500,1093.07,4000000,FEMALE,PhD,other-service,reading,wife,27700,-72400,Single Vehicle Collision,Front Collision,Major Damage,Other,VA,Hillsdale,9633 Rock Hwy,0,1,,2,2,NO,83160,6930,13860,62370,2011,0,0.96215624,High
330,48,OH,250/500,1000,1625.65,0,MALE,College,farming-fishing,skydiving,husband,0,0,Single Vehicle Collision,Side Collision,Major Damage,Ambulance,VA,Springfield,3122 Apache Drive,10,1,YES,1,3,,59500,11900,5950,41650,2006,0,0.9574282,High
231,37,OH,250/500,500,920.81,0,FEMALE,High School,sales,chess,wife,0,0,Single Vehicle Collision,Rear Collision,Major Damage,Fire,SC,Hillsdale,4291 Sky Hwy,14,1,YES,2,0,,71190,0,7910,63280,1997,1,0.956948,High
72,29,OH,500/1000,500,973.8,0,FEMALE,Associate,craft-repair,exercise,own-child,0,-85900,Single Vehicle Collision,Rear Collision,Major Damage,Ambulance,WV,Arlington,9105 Tree Lane,9,1,,1,0,NO,66200,6620,6620,52960,2013,0,0.95539373,High
463,59,IL,250/500,1000,979.73,0,FEMALE,JD,exec-managerial,yachting,not-in-family,51700,0,Multi-vehicle Collision,Front Collision,Major Damage,Other,SC,Columbus,1306 Andromedia St,14,2,,1,2,NO,72400,7240,14480,50680,1999,1,0.9516683,High
371,51,IN,500/1000,1000,1532.47,0,FEMALE,Associate,tech-support,golf,other-relative,60300,-24700,Single Vehicle Collision,Rear Collision,Major Damage,Fire,NY,Arlington,9751 Sky Ridge,7,1,YES,0,3,YES,75400,7540,15080,52780,2012,1,0.95102215,High
80,28,IL,500/1000,1000,1740.57,0,FEMALE,College,farming-fishing,golf,wife,0,-18600,Single Vehicle Collision,Rear Collision,Major Damage,Police,SC,Northbend,4995 Weaver Ridge,3,1,,0,1,,33480,3720,3720,26040,2011,0,0.9482189,High
234,44,IN,500/1000,500,1780.67,0,MALE,Associate,other-service,exercise,other-relative,0,0,Single Vehicle Collision,Side Collision,Major Damage,Ambulance,NC,Springfield,6384 5th Ridge,3,1,NO,1,0,NO,70200,7020,7020,56160,2012,1,0.9379512,High
236,38,OH,250/500,1000,802.24,0,FEMALE,College,other-service,paintball,not-in-family,0,-62500,Single Vehicle Collision,Side Collision,Major Damage,Ambulance,WV,Northbrook,8906 Elm Lane,16,1,NO,0,1,,66840,16710,5570,44560,2014,0,0.9341465,High
338,47,OH,250/500,2000,1486.04,0,FEMALE,Associate,armed-forces,board-games,own-child,0,-56200,Multi-vehicle Collision,Rear Collision,Major Damage,Other,OH,Northbrook,9081 Cherokee Hwy,1,3,NO,2,3,,64100,12820,6410,44870,2014,1,0.9273452,High
156,31,IL,100/300,2000,1134.08,0,MALE,PhD,other-service,reading,husband,0,0,Single Vehicle Collision,Front Collision,Major Damage,Police,NC,Arlington,5812 Oak St,3,1,,2,0,,59000,5900,5900,47200,2013,1,0.92393285,High
156,38,IL,100/300,500,1367.99,0,MALE,High School,armed-forces,board-games,own-child,26500,0,Multi-vehicle Collision,Front Collision,Major Damage,Fire,WV,Northbend,2644 MLK Drive,23,3,,0,3,,55200,11040,5520,38640,1998,1,0.9202808,High
230,43,IN,500/1000,2000,1101.83,0,MALE,High School,exec-managerial,cross-fit,other-relative,28900,0,Multi-vehicle Collision,Front Collision,Minor Damage,Police,NY,Arlington,7511 1st Ave,0,3,,0,3,YES,51900,5190,10380,36330,2011,1,0.9106311,High
14,28,OH,250/500,2000,1587.96,0,FEMALE,Associate,craft-repair,board-games,unmarried,0,-26900,Single Vehicle Collision,Rear Collision,Major Damage,Fire,WV,Riverwood,8991 Embaracadero Ave,18,1,,2,1,YES,71280,12960,12960,45360,2012,1,0.90801466,High
65,23,OH,250/500,1000,1099.95,0,FEMALE,College,sales,dancing,wife,0,-71900,Single Vehicle Collision,Side Collision,Major Damage,Other,NY,Arlington,9611 Pine Ridge,14,1,NO,1,0,YES,52400,6550,6550,39300,2005,1,0.9041818,High
266,46,OH,100/300,2000,1578.54,0,MALE,Associate,handlers-cleaners,chess,husband,0,-41400,Single Vehicle Collision,Front Collision,Minor Damage,Fire,WV,Hillsdale,7502 Rock Lane,18,1,NO,1,3,YES,83490,7590,15180,60720,1996,0,0.8973566,High
434,57,OH,500/1000,2000,1422.95,0,MALE,JD,transport-moving,bungie-jumping,husband,0,0,Multi-vehicle Collision,Rear Collision,Major Damage,Other,SC,Columbus,6574 4th Drive,15,3,NO,1,3,NO,66240,11040,11040,44160,2003,0,0.89241225,High
16,32,IL,100/300,1000,968.46,0,MALE,MD,tech-support,chess,not-in-family,50800,-66200,Multi-vehicle Collision,Side Collision,Total Loss,Ambulance,WV,Columbus,1762 Maple Hwy,0,3,,0,2,,59400,6600,13200,39600,1995,1,0.87702674,High
128,30,OH,100/300,1000,1061.33,0,MALE,MD,machine-op-inspct,movies,own-child,43300,-66200,Single Vehicle Collision,Front Collision,Major Damage,Ambulance,WV,Northbrook,5783 Oak Ave,8,1,NO,0,3,NO,68530,12460,6230,49840,1997,0,0.8742917,High
11,40,OH,500/1000,2000,1217.69,0,FEMALE,MD,prof-specialty,reading,wife,24000,0,Multi-vehicle Collision,Side Collision,Major Damage,Other,SC,Springfield,9138 1st St,6,3,,1,0,,53460,9720,9720,34020,2004,1,0.86447865,High
15,34,IL,100/300,1000,1829.63,0,MALE,JD,tech-support,cross-fit,not-in-family,56700,0,Multi-vehicle Collision,Side Collision,Total Loss,Other,SC,Arlington,1358 Maple St,21,3,YES,1,0,,67650,12300,6150,49200,2009,0,0.84511685,Medium
175,34,OH,100/300,500,915.29,0,FEMALE,JD,handlers-cleaners,base-jumping,wife,82400,-57100,Single Vehicle Collision,Front Collision,Major Damage,Other,NY,Arlington,5224 5th Lane,14,1,,2,1,YES,36720,4080,4080,28560,2009,1,0.8413567,Medium
144,35,IL,100/300,500,1427.46,0,MALE,High School,machine-op-inspct,cross-fit,wife,0,0,Multi-vehicle Collision,Side Collision,Major Damage,Police,WV,Springfield,7426 Rock Drive,3,3,,0,0,,87900,17580,8790,61530,1995,0,0.8366153,Medium
168,32,IN,100/300,1000,1059.52,0,MALE,MD,protective-serv,camping,own-child,0,-40600,Multi-vehicle Collision,Side Collision,Major Damage,Other,VA,Hillsdale,5622 Best Ridge,13,2,,1,1,,57720,14430,9620,33670,2007,0,0.83115697,Medium
405,58,IL,250/500,500,1237.88,0,MALE,MD,exec-managerial,exercise,not-in-family,0,-46900,Single Vehicle Collision,Front Collision,Major Damage,Police,NY,Arlington,2086 Francis Drive,11,1,,0,0,,63580,5780,5780,52020,1997,1,0.7964766,Medium
97,26,IL,250/500,1000,1252.08,0,MALE,College,exec-managerial,sleeping,not-in-family,0,0,Multi-vehicle Collision,Rear Collision,Major Damage,Other,VA,Springfield,6191 Oak Lane,4,2,YES,2,2,NO,50400,10080,5040,35280,2000,1,0.7613805,Medium
322,44,IL,100/300,1000,1156.19,0,FEMALE,College,machine-op-inspct,cross-fit,husband,49900,-62700,Multi-vehicle Collision,Side Collision,Major Damage,Fire,NY,Northbrook,3751 Tree Hwy,20,3,YES,0,3,,49400,9880,4940,34580,2010,0,0.7348144,Medium
64,25,IL,250/500,1000,954.16,0,MALE,Masters,prof-specialty,video-games,husband,53200,0,Multi-vehicle Collision,Side Collision,Major Damage,Ambulance,SC,Columbus,4687 5th Drive,22,4,NO,0,0,,75600,12600,12600,50400,2005,0,0.6849707,Medium
144,37,OH,250/500,2000,1896.91,0,FEMALE,PhD,handlers-cleaners,sleeping,not-in-family,73700,0,Multi-vehicle Collision,Rear Collision,Major Damage,Fire,SC,Columbus,8125 Texas Ridge,17,3,YES,1,3,NO,54400,5440,10880,38080,2015,1,0.67300963,Medium
147,31,IN,250/500,500,1054.92,6000000,FEMALE,PhD,prof-specialty,exercise,own-child,51900,0,Single Vehicle Collision,Front Collision,Major Damage,Other,NY,Northbrook,5608 Solo St,4,1,,0,0,,68240,8530,0,59710,2013,1,0.643055,Medium
88,25,IN,250/500,1000,1194.0,0,FEMALE,JD,handlers-cleaners,movies,husband,0,0,Single Vehicle Collision,Rear Collision,Major Damage,Ambulance,SC,Northbrook,3982 Washington Hwy,6,1,YES,1,2,YES,66780,7420,7420,51940,2013,1,0.63351166,Medium
250,42,IN,100/300,500,1055.6,0,MALE,High School,exec-managerial,paintball,husband,69500,-40700,Single Vehicle Collision,Rear Collision,Major Damage,Other,SC,Columbus,8493 Apache Drive,16,1,,1,1,,74800,13600,6800,54400,2009,1,0.61083937,Medium
146,31,OH,100/300,1000,1457.65,5000000,FEMALE,College,armed-forces,camping,own-child,0,0,Multi-vehicle Collision,Rear Collision,Major Damage,Ambulance,VA,Riverwood,1110 4th Drive,0,3,NO,1,3,,52380,5820,5820,40740,2010,0,0.60647374,Medium
371,50,IN,250/500,1000,1569.33,0,MALE,PhD,machine-op-inspct,board-games,not-in-family,79600,0,Multi-vehicle Collision,Side Collision,Major Damage,Other,WV,Springfield,3098 Oak Lane,2,3,NO,2,1,YES,84500,13000,13000,58500,2011,1,0.5770126,Medium
283,41,OH,100/300,500,1195.01,0,FEMALE,Associate,sales,reading,own-child,60700,-54300,Multi-vehicle Collision,Side Collision,Major Damage,Other,WV,Northbend,1555 Washington Lane,13,3,NO,0,2,,42700,0,6100,36600,2011,1,0.5695397,Medium
266,42,IN,100/300,500,1093.83,4000000,MALE,Associate,adm-clerical,board-games,other-relative,0,-49600,Multi-vehicle Collision,Side Collision,Major Damage,Ambulance,WV,Springfield,4937 Flute Drive,18,3,,1,1,NO,53280,4440,8880,39960,2015,1,0.4712431,Low
237,43,OH,250/500,500,911.53,0,FEMALE,PhD,sales,basketball,husband,53200,0,Single Vehicle Collision,Rear Collision,Major Damage,Police,WV,Northbrook,5383 Maple Drive,23,1,NO,0,1,NO,59200,0,11840,47360,1998,0,0.45333996,Low
230,37,IL,500/1000,1000,1060.74,0,MALE,PhD,tech-support,reading,own-child,0,-51500,Single Vehicle Collision,Rear Collision,Major Damage,Ambulance,SC,Columbus,1229 5th Ave,15,1,YES,2,3,,49100,9820,4910,34370,1996,1,0.4521281,Low
108,33,IL,100/300,2000,694.45,0,FEMALE,JD,armed-forces,exercise,not-in-family,0,0,Multi-vehicle Collision,Side Collision,Major Damage,Police,WV,Northbend,3796 Cherokee Drive,6,3,,0,1,YES,64350,5850,11700,46800,2011,1,0.36215493,Low
464,61,OH,500/1000,1000,1125.37,0,FEMALE,Associate,prof-specialty,basketball,husband,0,-56400,Multi-vehicle Collision,Rear Collision,Major Damage,Police,VA,Northbend,4793 4th Ridge,6,3,,0,2,YES,79800,6650,19950,53200,2000,1,0.36044505,Low
156,32,IL,250/500,500,1479.48,0,MALE,Masters,prof-specialty,bungie-jumping,unmarried,0,0,Single Vehicle Collision,Front Collision,Major Damage,Other,NY,Northbrook,1173 Andromedia Ave,15,1,YES,1,3,YES,74690,6790,13580,54320,2008,1,0.34896958,Low
230,39,IL,100/300,1000,904.7,7000000,FEMALE,MD,craft-repair,bungie-jumping,unmarried,68600,-22300,Single Vehicle Collision,Front Collision,Major Damage,Fire,SC,Riverwood,7460 Apache Lane,0,1,,1,3,NO,74200,14840,14840,44520,2002,1,0.30690464,Low
89,32,IN,250/500,1000,988.93,0,FEMALE,High School,craft-repair,golf,unmarried,27600,0,Single Vehicle Collision,Front Collision,Total Loss,Other,NY,Columbus,2889 Francis St,11,1,,2,3,YES,84590,15380,15380,53830,1999,0,0.28791037,Low
288,45,IL,100/300,1000,1046.71,0,MALE,Masters,priv-house-serv,polo,husband,0,0,Multi-vehicle Collision,Rear Collision,Major Damage,Fire,NC,Hillsdale,8586 1st Ridge,4,3,,2,1,,48060,10680,5340,32040,2009,0,0.28488922,Low
159,33,IN,100/300,2000,1462.76,0,FEMALE,College,craft-repair,skydiving,husband,69200,-36900,Multi-vehicle Collision,Rear Collision,Major Damage,Ambulance,NY,Columbus,3697 Apache Drive,23,3,YES,2,0,NO,44880,8160,4080,32640,2004,1,0.27400735,Low
232,43,OH,250/500,500,1483.91,8000000,MALE,College,machine-op-inspct,golf,husband,0,-33600,Multi-vehicle Collision,Rear Collision,Major Damage,Ambulance,NY,Arlington,2318 Washington Hwy,17,3,NO,0,1,,70600,7060,14120,49420,2013,1,0.23613939,Low
196,39,IN,500/1000,2000,1475.73,0,FEMALE,High School,handlers-cleaners,camping,own-child,57000,-27300,Multi-vehicle Collision,Side Collision,Major Damage,Police,VA,Columbus,8101 3rd Ridge,8,3,,2,0,NO,60400,6040,6040,48320,2014,0,0.23064733,Low
130,34,OH,250/500,500,1383.49,3000000,FEMALE,Masters,armed-forces,bungie-jumping,other-relative,35100,0,Multi-vehicle Collision,Side Collision,Minor Damage,Police,NC,Arlington,7629 5th St,4,3,,2,3,YES,67500,7500,7500,52500,1996,0,0.17397125,Low
267,46,OH,250/500,2000,1111.17,0,MALE,MD,craft-repair,base-jumping,unmarried,35000,0,Parked Car,,Trivial Damage,,WV,Arlington,4905 Best Lane,3,1,YES,2,3,YES,4950,900,450,3600,1995,0,0.108142145,Low
78,29,IL,250/500,1000,1234.2,6000000,MALE,Masters,other-service,bungie-jumping,other-relative,0,0,Vehicle Theft,,Minor Damage,Police,NY,Northbrook,5124 Maple St,3,1,YES,2,2,NO,7500,750,1500,5250,2002,0,0.09922701,Low
287,45,OH,500/1000,1000,1230.69,0,MALE,Masters,transport-moving,golf,not-in-family,0,-54600,Single Vehicle Collision,Front Collision,Minor Damage,Fire,VA,Springfield,3808 5th Ave,19,1,NO,0,2,NO,53800,5380,5380,43040,2006,0,0.07926834,Low
473,58,IN,100/300,2000,1131.4,0,FEMALE,MD,transport-moving,movies,other-relative,55700,0,Multi-vehicle Collision,Side Collision,Major Damage,Other,WV,Hillsdale,9573 Weaver Ave,12,4,YES,0,0,NO,63120,10520,10520,42080,1999,1,0.07432747,Low
85,30,OH,100/300,1000,796.35,0,FEMALE,MD,craft-repair,video-games,own-child,72400,-77000,Multi-vehicle Collision,Rear Collision,Total Loss,Fire,SC,Northbend,2290 4th Ave,9,3,YES,2,1,YES,58960,5360,10720,42880,2004,0,0.068712,Low
225,37,OH,100/300,1000,1217.84,5000000,FEMALE,High School,farming-fishing,yachting,not-in-family,49600,0,Multi-vehicle Collision,Front Collision,Minor Damage,Fire,WV,Northbrook,6501 5th Drive,19,3,,2,2,NO,57600,9600,9600,38400,2015,0,0.063101456,Low
173,36,OH,250/500,1000,1274.63,0,MALE,College,machine-op-inspct,basketball,unmarried,51000,0,Single Vehicle Collision,Rear Collision,Total Loss,Fire,SC,Springfield,9818 Cherokee Ave,22,1,YES,2,3,NO,52030,9460,9460,33110,1995,0,0.06239291,Low
168,39,IL,500/1000,1000,1389.59,0,FEMALE,Masters,machine-op-inspct,exercise,own-child,0,-42600,Multi-vehicle Collision,Rear Collision,Major Damage,Fire,NY,Northbend,5782 Rock Drive,23,3,YES,1,3,NO,41580,3780,7560,30240,2015,1,0.059279576,Low
126,34,IN,100/300,2000,1078.22,0,FEMALE,Masters,transport-moving,camping,wife,54500,0,Multi-vehicle Collision,Side Collision,Major Damage,Fire,SC,Northbend,4231 3rd Ave,2,3,NO,0,1,YES,58410,10620,5310,42480,2007,0,0.05246378,Low
235,42,IN,250/500,500,1072.62,0,FEMALE,Masters,machine-op-inspct,exercise,husband,39900,-60200,Multi-vehicle Collision,Side Collision,Total Loss,Other,WV,Springfield,3654 Cherokee Ave,7,4,,2,1,YES,69100,6910,6910,55280,2006,0,0.050782725,Low
182,38,OH,500/1000,2000,1441.06,0,FEMALE,Masters,armed-forces,movies,husband,53800,-78300,Single Vehicle Collision,Side Collision,Total Loss,Police,NY,Riverwood,7601 Andromedia Lane,18,1,,2,3,YES,89650,8150,16300,65200,2005,0,0.04704226,Low
243,41,IN,100/300,1000,1129.23,0,FEMALE,College,farming-fishing,camping,own-child,17300,-60400,Single Vehicle Collision,Front Collision,Major Damage,Fire,WV,Hillsdale,4020 Best Drive,1,1,,1,0,YES,50300,10060,5030,35210,1999,1,0.046943814,Low
269,41,IN,100/300,500,1463.82,0,FEMALE,College,protective-serv,yachting,not-in-family,0,-72300,Single Vehicle Collision,Rear Collision,Minor Damage,Police,SC,Northbend,7717 Britain Hwy,23,1,YES,0,0,,79300,15860,15860,47580,2007,0,0.045259316,Low
325,46,IL,500/1000,500,1348.83,0,FEMALE,High School,prof-specialty,basketball,wife,46300,-77500,Multi-vehicle Collision,Rear Collision,Minor Damage,Fire,NC,Springfield,9358 Texas Ridge,21,3,,1,2,YES,76120,13840,6920,55360,1999,0,0.044143476,Low
127,29,OH,250/500,2000,1326.44,5000000,FEMALE,High School,sales,board-games,own-child,0,0,Multi-vehicle Collision,Front Collision,Total Loss,Fire,SC,Arlington,8442 Britain Hwy,12,2,YES,1,1,,66950,10300,10300,46350,1995,0,0.0415114,Low
303,43,OH,500/1000,1000,671.01,7000000,FEMALE,Associate,machine-op-inspct,camping,other-relative,42900,-61500,Single Vehicle Collision,Rear Collision,Minor Damage,Fire,NC,Springfield,8548 Cherokee Ridge,20,1,,2,0,,60210,6690,6690,46830,2013,0,0.038545176,Low
147,37,IN,250/500,1000,1306.78,0,MALE,MD,prof-specialty,video-games,other-relative,0,0,Single Vehicle Collision,Front Collision,Total Loss,Ambulance,SC,Northbend,6717 Best Drive,22,1,,1,0,NO,81120,13520,20280,47320,1995,0,0.036057323,Low
91,26,IL,250/500,1000,1022.46,0,FEMALE,Associate,armed-forces,video-games,other-relative,52700,0,Multi-vehicle Collision,Front Collision,Minor Damage,Other,SC,Arlington,8832 Pine Drive,15,3,,0,2,,74200,7420,7420,59360,1996,0,0.034238562,Low
5,26,IL,250/500,2000,1137.02,0,FEMALE,PhD,farming-fishing,skydiving,not-in-family,31500,0,Single Vehicle Collision,Rear Collision,Total Loss,Ambulance,WV,Springfield,3706 Texas Hwy,22,1,YES,1,3,,88110,16020,16020,56070,2003,0,0.032384675,Low
347,51,OH,500/1000,500,1480.79,9000000,FEMALE,MD,priv-house-serv,board-games,unmarried,0,-12100,Single Vehicle Collision,Side Collision,Total Loss,Other,NC,Hillsdale,9070 Tree Ave,15,1,YES,0,2,,103560,8630,17260,77670,1997,0,0.032073125,Low
230,43,IN,100/300,2000,1221.14,0,MALE,MD,prof-specialty,board-games,wife,48100,0,Single Vehicle Collision,Side Collision,Total Loss,Ambulance,VA,Hillsdale,3089 Oak Ridge,13,1,,0,2,,75460,13720,13720,48020,2002,0,0.031322572,Low
210,37,OH,500/1000,500,1467.76,0,FEMALE,MD,tech-support,hiking,own-child,38700,-33100,Single Vehicle Collision,Front Collision,Total Loss,Ambulance,NY,Northbend,3097 4th Drive,8,1,,1,3,YES,63300,6330,6330,50640,2000,0,0.029686762,Low
270,45,OH,500/1000,500,1187.53,0,FEMALE,PhD,priv-house-serv,yachting,not-in-family,83200,-53300,Multi-vehicle Collision,Side Collision,Total Loss,Other,VA,Columbus,9720 Lincoln Hwy,23,3,,0,0,YES,54340,9880,0,44460,2005,0,0.029205278,Low
124,28,OH,250/500,1000,1235.14,0,MALE,MD,exec-managerial,camping,husband,0,-32100,Multi-vehicle Collision,Side Collision,Total Loss,Other,OH,Hillsdale,1643 Washington Hwy,20,3,,0,1,,60200,6020,6020,48160,2012,0,0.025788056,Low
124,32,IL,250/500,1000,1198.15,0,FEMALE,MD,other-service,hiking,not-in-family,0,-43200,Multi-vehicle Collision,Front Collision,Total Loss,Other,VA,Springfield,8080 Oak Lane,19,3,NO,0,2,YES,73560,12260,12260,49040,1995,0,0.02527203,Low
458,59,IN,100/300,1000,1685.69,0,FEMALE,High School,protective-serv,hiking,wife,31400,0,Single Vehicle Collision,Front Collision,Total Loss,Police,VA,Hillsdale,3777 Maple Ave,23,1,,2,2,YES,71800,14360,14360,43080,1995,0,0.022177821,Low
233,37,IL,100/300,2000,1603.42,0,FEMALE,High School,sales,video-games,wife,61600,-30200,Single Vehicle Collision,Front Collision,Total Loss,Fire,NY,Columbus,1346 5th Lane,17,1,YES,0,2,YES,80520,13420,6710,60390,2005,0,0.020313794,Low
137,30,IL,250/500,500,1039.55,0,MALE,MD,exec-managerial,kayaking,unmarried,55600,-59700,Multi-vehicle Collision,Front Collision,Minor Damage,Other,WV,Columbus,3818 Texas Ridge,4,3,,2,1,,74030,6730,13460,53840,2005,0,0.020004297,Low
275,40,OH,250/500,2000,1190.6,0,MALE,Masters,exec-managerial,camping,unmarried,0,-45300,Single Vehicle Collision,Rear Collision,Minor Damage,Fire,OH,Riverwood,4972 Francis Lane,17,1,,1,3,YES,43230,7860,7860,27510,2001,0,0.019269612,Low
280,45,IN,250/500,1000,1397.67,0,MALE,JD,machine-op-inspct,camping,wife,57900,0,Multi-vehicle Collision,Front Collision,Minor Damage,Other,NY,Arlington,9034 Weaver Ridge,0,3,YES,1,2,NO,84720,14120,14120,56480,1999,0,0.018450193,Low
295,46,IN,100/300,500,1672.88,0,FEMALE,High School,armed-forces,dancing,wife,0,0,Single Vehicle Collision,Rear Collision,Minor Damage,Fire,NY,Columbus,4633 5th Lane,5,1,YES,1,1,NO,60700,12140,6070,42490,1997,0,0.01797518,Low
430,59,OH,250/500,2000,1326.62,7000000,MALE,MD,other-service,bungie-jumping,own-child,0,0,Multi-vehicle Collision,Front Collision,Minor Damage,Fire,NY,Riverwood,5104 Francis Drive,19,3,,0,3,YES,81800,16360,8180,57260,1998,0,0.017782614,Low
426,54,IL,500/1000,2000,1097.71,0,FEMALE,Masters,adm-clerical,reading,not-in-family,29600,-22300,Single Vehicle Collision,Side Collision,Minor Damage,Police,SC,Springfield,8964 Francis St,13,1,YES,2,3,,100800,16800,16800,67200,1997,0,0.017132057,Low
41,26,IL,100/300,1000,1383.13,0,FEMALE,JD,prof-specialty,exercise,own-child,46700,0,Vehicle Theft,,Trivial Damage,Police,SC,Riverwood,6677 Andromedia Drive,12,1,YES,1,1,,6890,530,1060,5300,1997,0,0.014921067,Low
107,31,IL,100/300,2000,1018.73,5000000,MALE,Associate,handlers-cleaners,yachting,own-child,20000,-82700,Multi-vehicle Collision,Side Collision,Total Loss,Police,NY,Riverwood,8509 Apache St,21,3,YES,1,2,,93730,14420,21630,57680,2001,0,0.013892348,Low
134,32,IL,500/1000,500,1612.43,0,FEMALE,MD,other-service,yachting,own-child,36400,0,Single Vehicle Collision,Side Collision,Total Loss,Fire,VA,Springfield,2087 Apache Ave,2,1,,2,1,YES,64240,11680,11680,40880,2015,0,0.013699512,Low
436,60,IN,250/500,500,1362.31,0,MALE,High School,prof-specialty,bungie-jumping,wife,67600,-65300,Single Vehicle Collision,Front Collision,Minor Damage,Ambulance,VA,Arlington,7819 2nd Ave,16,1,NO,0,2,NO,82060,14920,7460,59680,2005,0,0.0129398685,Low
285,44,OH,250/500,2000,1144.3,0,MALE,MD,priv-house-serv,base-jumping,not-in-family,52600,0,Vehicle Theft,,Minor Damage,Police,WV,Northbrook,2311 4th St,3,1,YES,1,0,,5500,500,500,4500,2010,0,0.012743275,Low
130,30,IL,500/1000,2000,1193.4,0,MALE,PhD,exec-managerial,bungie-jumping,own-child,0,-40800,Multi-vehicle Collision,Side Collision,Total Loss,Other,SC,Columbus,5586 2nd St,16,3,NO,2,3,,48950,8900,4450,35600,2005,0,0.011937127,Low
229,37,IN,500/1000,1000,1331.94,0,FEMALE,Masters,farming-fishing,base-jumping,not-in-family,0,-55400,Single Vehicle Collision,Rear Collision,Total Loss,Other,NY,Columbus,7504 Flute Drive,17,1,NO,0,2,YES,54560,9920,9920,34720,2004,0,0.011757032,Low
194,35,IL,500/1000,500,1416.24,0,FEMALE,MD,adm-clerical,golf,not-in-family,0,0,Parked Car,,Minor Damage,,WV,Northbend,8078 Britain Hwy,7,1,YES,1,0,,5940,1080,540,4320,2003,0,0.0116970325,Low
89,32,IN,100/300,2000,1482.53,0,FEMALE,MD,tech-support,kayaking,not-in-family,49100,-45100,Parked Car,,Trivial Damage,Police,WV,Northbrook,8492 Weaver Hwy,5,1,YES,1,2,,100,10,20,70,2002,0,0.011257982,Low
245,40,IL,500/1000,1000,1361.45,0,MALE,PhD,handlers-cleaners,camping,unmarried,39300,0,Single Vehicle Collision,Rear Collision,Minor Damage,Ambulance,OH,Northbend,7570 Cherokee Drive,12,1,YES,0,2,YES,82170,7470,7470,67230,1999,0,0.010813786,Low
194,34,IL,250/500,1000,1193.45,0,MALE,JD,other-service,hiking,not-in-family,0,0,Single Vehicle Collision,Rear Collision,Total Loss,Ambulance,WV,Northbend,4554 Sky Ave,11,1,,2,1,YES,58800,11760,5880,41160,1997,0,0.009805548,Low
266,42,IL,500/1000,1000,763.67,0,MALE,Associate,prof-specialty,movies,own-child,12800,-49700,Single Vehicle Collision,Side Collision,Total Loss,Police,SC,Northbrook,1654 Pine St,12,1,YES,1,3,YES,70830,7870,7870,55090,2005,0,0.008973353,Low
359,47,OH,100/300,2000,1367.68,0,FEMALE,MD,handlers-cleaners,basketball,unmarried,0,0,Single Vehicle Collision,Front Collision,Total Loss,Police,SC,Arlington,6955 Pine Drive,13,1,NO,0,3,NO,55500,5550,11100,38850,2012,0,0.008622458,Low
156,37,IN,250/500,500,1090.65,0,MALE,High School,exec-managerial,golf,unmarried,0,-51800,Multi-vehicle Collision,Rear Collision,Minor Damage,Police,NC,Columbus,7142 5th Lane,16,4,,1,2,YES,53400,5340,5340,42720,2010,1,0.008407677,Low
134,32,OH,100/300,1000,1000.06,0,FEMALE,PhD,farming-fishing,base-jumping,wife,0,0,Single Vehicle Collision,Side Collision,Total Loss,Other,NY,Columbus,7121 Britain Drive,17,1,,1,0,,82720,7520,15040,60160,2014,0,0.008354933,Low
277,46,IL,250/500,2000,1177.57,0,FEMALE,Associate,adm-clerical,video-games,husband,0,-65500,Vehicle Theft,,Minor Damage,Police,VA,Arlington,8638 3rd Ave,4,1,,2,3,NO,3870,430,860,2580,2010,0,0.0074596056,Low
131,33,IL,100/300,2000,1081.17,0,MALE,MD,sales,yachting,wife,0,-65200,Parked Car,,Minor Damage,Police,NY,Northbend,3246 Britain Ridge,3,1,,0,1,NO,4900,490,490,3920,2010,0,0.0073765577,Low
10,19,IN,250/500,1000,1185.78,0,FEMALE,JD,craft-repair,yachting,wife,0,-60700,Single Vehicle Collision,Side Collision,Minor Damage,Police,NC,Northbend,9929 Rock Drive,5,1,,0,2,,48950,4450,8900,35600,2011,1,0.0073193577,Low
240,40,IN,100/300,500,1533.71,9000000,FEMALE,JD,protective-serv,polo,own-child,0,-70900,Multi-vehicle Collision,Rear Collision,Total Loss,Fire,VA,Northbend,7108 Tree St,18,2,YES,0,2,,66550,6050,12100,48400,2008,0,0.0069006677,Low
250,43,OH,500/1000,1000,1243.84,0,FEMALE,JD,tech-support,polo,own-child,47900,-73400,Single Vehicle Collision,Side Collision,Minor Damage,Other,VA,Columbus,5771 Sky Ave,22,1,YES,1,3,NO,64900,12980,12980,38940,2011,0,0.006291565,Low
292,45,IL,500/1000,1000,1358.91,0,MALE,Masters,craft-repair,dancing,unmarried,0,0,Vehicle Theft,,Trivial Damage,Police,WV,Northbend,8336 1st Ridge,4,1,NO,0,2,,7370,670,1340,5360,1997,0,0.006258884,Low
281,43,OH,100/300,1000,1515.18,6000000,MALE,College,priv-house-serv,camping,other-relative,0,0,Multi-vehicle Collision,Side Collision,Minor Damage,Fire,SC,Northbrook,9798 Sky Ridge,21,3,NO,1,0,NO,60190,9260,9260,41670,1999,0,0.006113381,Low
160,33,IL,500/1000,1000,1422.78,0,FEMALE,High School,exec-managerial,exercise,husband,61600,0,Multi-vehicle Collision,Front Collision,Total Loss,Ambulance,NC,Riverwood,1989 Solo Lane,17,3,,2,3,YES,52800,5280,5280,42240,2006,0,0.0052621528,Low
153,34,IL,250/500,500,991.39,0,MALE,High School,tech-support,paintball,other-relative,45600,-61400,Multi-vehicle Collision,Side Collision,Total Loss,Other,WV,Springfield,2696 Cherokee Ridge,0,3,,1,0,NO,77770,14140,14140,49490,2000,0,0.0051143793,Low
141,30,IL,250/500,1000,1851.78,0,FEMALE,High School,craft-repair,exercise,other-relative,78800,0,Single Vehicle Collision,Front Collision,Total Loss,Fire,SC,Riverwood,7144 Andromedia St,13,1,NO,1,0,YES,61740,6860,6860,48020,2002,0,0.0048743673,Low
97,28,OH,100/300,1000,830.31,0,MALE,JD,farming-fishing,video-games,husband,0,-32600,Single Vehicle Collision,Rear Collision,Total Loss,Ambulance,SC,Springfield,8212 Flute Ridge,22,1,,1,0,,45270,10060,10060,25150,2006,0,0.0048539955,Low
73,29,IL,250/500,1000,1447.78,0,MALE,College,protective-serv,board-games,wife,35100,-59900,Multi-vehicle Collision,Rear Collision,Total Loss,Other,SC,Arlington,8689 Maple Hwy,15,3,YES,1,0,,44910,4990,4990,34930,2001,0,0.004774325,Low
335,50,OH,100/300,1000,1538.26,6000000,MALE,High School,sales,yachting,other-relative,62200,-31400,Multi-vehicle Collision,Side Collision,Minor Damage,Ambulance,NY,Riverwood,9760 Solo Lane,12,3,YES,2,3,YES,34320,8580,4290,21450,2009,0,0.004486031,Low
255,41,IL,500/1000,2000,1167.3,4000000,MALE,High School,priv-house-serv,board-games,other-relative,0,0,Single Vehicle Collision,Side Collision,Minor Damage,Fire,SC,Hillsdale,8381 Solo Hwy,22,1,NO,2,0,,69300,13860,13860,41580,2000,0,0.0042997026,Low
235,39,IL,100/300,500,1046.58,4000000,MALE,MD,tech-support,exercise,wife,0,-31700,Vehicle Theft,,Trivial Damage,,NY,Hillsdale,6193 1st Hwy,1,1,,2,1,NO,4950,450,900,3600,2010,0,0.004145397,Low
119,28,OH,250/500,2000,1079.92,0,MALE,High School,machine-op-inspct,hiking,husband,88800,0,Single Vehicle Collision,Rear Collision,Total Loss,Ambulance,PA,Riverwood,7534 MLK Hwy,1,1,,0,1,YES,53600,6700,6700,40200,2007,1,0.004129491,Low
175,34,IN,500/1000,1000,1123.87,8000000,FEMALE,PhD,protective-serv,dancing,other-relative,0,0,Vehicle Theft,,Trivial Damage,Police,NY,Arlington,6619 Flute Ave,5,1,,2,0,YES,7290,810,810,5670,1995,0,0.0041013546,Low
148,30,OH,100/300,500,1471.24,0,FEMALE,Masters,farming-fishing,camping,own-child,57500,-93600,Multi-vehicle Collision,Side Collision,Minor Damage,Police,NC,Riverwood,1213 4th Lane,4,3,NO,2,2,NO,32480,4060,4060,24360,1997,0,0.003941217,Low
185,35,IN,500/1000,2000,1421.59,0,MALE,College,other-service,sleeping,own-child,0,0,Vehicle Theft,,Trivial Damage,Police,WV,Arlington,9794 Embaracadero St,8,1,,2,3,YES,4950,900,450,3600,2011,0,0.0039179637,Low
320,48,IL,250/500,2000,1730.49,7000000,MALE,College,transport-moving,hiking,not-in-family,46300,-41700,Multi-vehicle Collision,Front Collision,Minor Damage,Fire,WV,Northbrook,8770 1st Lane,13,3,NO,2,0,NO,56160,4680,9360,42120,1995,0,0.003616283,Low
121,31,IL,500/1000,1000,1061.98,6000000,FEMALE,JD,armed-forces,camping,unmarried,0,0,Single Vehicle Collision,Rear Collision,Minor Damage,Police,WV,Hillsdale,3809 Texas Lane,16,1,NO,0,1,YES,65250,7250,7250,50750,2002,0,0.0035619943,Low
290,48,IL,250/500,500,1161.03,5000000,MALE,Associate,adm-clerical,video-games,not-in-family,45300,0,Multi-vehicle Collision,Side Collision,Minor Damage,Fire,VA,Northbrook,3966 Oak Hwy,20,2,,1,1,,41520,5190,5190,31140,2014,0,0.0035089813,Low
285,47,IN,100/300,1000,1216.68,0,FEMALE,Masters,sales,basketball,other-relative,55100,0,Vehicle Theft,,Trivial Damage,Police,SC,Columbus,3053 Lincoln Drive,8,1,NO,1,1,NO,2700,300,300,2100,2013,0,0.0034937996,Low
180,35,IL,500/1000,1000,1252.48,0,MALE,MD,machine-op-inspct,yachting,wife,0,-55800,Vehicle Theft,,Minor Damage,,OH,Springfield,1687 3rd Lane,17,1,,1,3,NO,5100,1020,510,3570,2000,0,0.0034608175,Low
32,26,OH,100/300,2000,1260.32,6000000,MALE,JD,other-service,polo,not-in-family,0,-79800,Single Vehicle Collision,Side Collision,Total Loss,Fire,VA,Northbrook,2299 Britain Drive,16,1,,1,2,,45500,9100,4550,31850,2009,0,0.003244091,Low
103,33,IN,100/300,1000,969.88,6000000,MALE,MD,armed-forces,exercise,own-child,0,0,Single Vehicle Collision,Rear Collision,Minor Damage,Ambulance,NY,Columbus,6409 Cherokee Drive,21,1,NO,1,0,YES,76920,12820,6410,57690,2002,0,0.003222299,Low
460,62,IN,250/500,1000,1187.96,4000000,MALE,JD,other-service,bungie-jumping,own-child,0,0,Multi-vehicle Collision,Rear Collision,Minor Damage,Police,NY,Columbus,5380 Pine St,20,3,NO,1,0,,47160,0,5240,41920,2011,0,0.0032108543,Low
12,24,IL,500/1000,1000,1143.95,0,FEMALE,PhD,tech-support,paintball,other-relative,51400,0,Multi-vehicle Collision,Rear Collision,Minor Damage,Police,NY,Riverwood,6329 Apache Ave,13,3,NO,2,1,,53370,5930,5930,41510,2011,0,0.0029427763,Low
182,40,IN,100/300,1000,1022.42,0,MALE,PhD,other-service,skydiving,husband,50000,-56900,Single Vehicle Collision,Front Collision,Total Loss,Other,SC,Northbend,7168 Andromedia Ridge,13,1,YES,0,2,,71100,7110,14220,49770,2008,0,0.0027075899,Low
96,30,OH,100/300,500,1399.27,6000000,MALE,College,prof-specialty,hiking,wife,38900,-48700,Single Vehicle Collision,Side Collision,Total Loss,Fire,NC,Arlington,9417 Tree Hwy,22,1,,0,0,YES,53440,0,6680,46760,2004,0,0.00265442,Low
4,29,IL,250/500,500,1381.88,5000000,MALE,High School,tech-support,exercise,other-relative,0,-77800,Vehicle Theft,,Trivial Damage,Police,SC,Hillsdale,2968 Andromedia Ave,4,1,NO,0,2,,4200,840,420,2940,2008,0,0.0025138287,Low
303,46,IN,100/300,1000,709.14,0,MALE,Masters,machine-op-inspct,kayaking,husband,0,0,Multi-vehicle Collision,Rear Collision,Minor Damage,Fire,NY,Northbrook,2063 Weaver St,3,3,NO,1,0,NO,54890,9980,4990,39920,2006,0,0.0024783008,Low
212,40,IL,500/1000,1000,1524.45,0,FEMALE,Masters,other-service,golf,husband,73200,0,Multi-vehicle Collision,Side Collision,Minor Damage,Other,NY,Northbrook,1880 Weaver Drive,17,3,YES,0,2,YES,82400,8240,8240,65920,2006,0,0.0024124715,Low
299,44,OH,500/1000,1000,1653.32,0,FEMALE,College,other-service,bungie-jumping,other-relative,0,-48800,Single Vehicle Collision,Rear Collision,Minor Damage,Ambulance,WV,Springfield,7295 Tree Hwy,3,1,YES,2,0,,54240,6780,6780,40680,2009,0,0.0023886713,Low
101,33,OH,100/300,1000,1053.04,7000000,FEMALE,Masters,other-service,reading,own-child,52000,-44500,Multi-vehicle Collision,Rear Collision,Minor Damage,Ambulance,NC,Northbrook,5621 4th Ave,20,3,NO,1,3,,54240,9040,9040,36160,2013,1,0.0023086339,Low
312,47,OH,500/1000,1000,1212.07,0,FEMALE,MD,exec-managerial,polo,wife,66900,-51800,Multi-vehicle Collision,Side Collision,Total Loss,Fire,NY,Northbend,5318 5th Ave,17,3,NO,2,3,NO,56320,7040,7040,42240,2000,0,0.0022910677,Low
159,37,IL,500/1000,1000,894.4,0,MALE,Associate,tech-support,camping,wife,0,-53700,Single Vehicle Collision,Rear Collision,Total Loss,Police,NY,Springfield,2337 Lincoln Hwy,13,1,YES,2,0,NO,70290,7810,7810,54670,1999,0,0.0022859091,Low
304,49,IN,100/300,1000,1525.86,0,FEMALE,PhD,craft-repair,camping,own-child,0,0,Single Vehicle Collision,Side Collision,Minor Damage,Other,NC,Northbend,9066 Best Ridge,2,1,YES,1,1,YES,73370,13340,6670,53360,2013,0,0.0022579408,Low
379,54,IL,100/300,500,1251.16,0,FEMALE,Associate,machine-op-inspct,kayaking,not-in-family,41400,0,Single Vehicle Collision,Front Collision,Total Loss,Ambulance,WV,Riverwood,7041 Tree Ridge,14,1,,0,1,NO,75960,6330,6330,63300,2010,0,0.0019802614,Low
366,50,IN,500/1000,1000,1561.41,0,FEMALE,High School,handlers-cleaners,basketball,husband,21200,0,Multi-vehicle Collision,Rear Collision,Minor Damage,Police,NY,Arlington,1879 4th Lane,5,3,YES,1,3,NO,70290,12780,12780,44730,2012,0,0.001971418,Low
32,38,IL,100/300,500,1006.77,6000000,FEMALE,College,other-service,sleeping,own-child,0,0,Multi-vehicle Collision,Side Collision,Minor Damage,Police,SC,Northbend,7434 Oak Hwy,15,3,YES,2,1,YES,70900,14180,7090,49630,1997,0,0.0018738965,Low
259,39,OH,250/500,1000,1422.36,0,FEMALE,JD,craft-repair,movies,unmarried,0,-83900,Multi-vehicle Collision,Side Collision,Minor Damage,Fire,PA,Columbus,5178 Weaver Hwy,12,3,NO,1,3,,46560,7760,7760,31040,2012,0,0.0018194441,Low
29,25,IL,250/500,2000,1352.83,0,MALE,Masters,farming-fishing,skydiving,own-child,0,-71700,Multi-vehicle Collision,Rear Collision,Minor Damage,Other,SC,Hillsdale,1679 2nd Hwy,4,4,YES,1,2,YES,64890,7210,7210,50470,2013,1,0.0018069356,Low
410,54,IL,100/300,2000,714.03,0,MALE,MD,protective-serv,board-games,own-child,0,-17000,Single Vehicle Collision,Side Collision,Minor Damage,Ambulance,WV,Northbend,5765 Washington St,0,1,YES,0,2,NO,59520,9920,9920,39680,2001,0,0.0017643453,Low
467,58,IN,500/1000,2000,977.4,0,MALE,Masters,transport-moving,bungie-jumping,own-child,82200,0,Single Vehicle Collision,Front Collision,Total Loss,Fire,NY,Columbus,9360 3rd Drive,2,1,YES,2,3,NO,55700,5570,11140,38990,2014,0,0.0017416384,Low
163,31,IN,100/300,1000,1004.63,6000000,MALE,JD,priv-house-serv,hiking,not-in-family,26900,0,Multi-vehicle Collision,Rear Collision,Total Loss,Ambulance,SC,Hillsdale,3439 Andromedia Hwy,14,3,YES,2,0,NO,63910,5810,11620,46480,1999,0,0.0016810506,Low
176,39,OH,250/500,500,1365.46,4000000,MALE,College,armed-forces,sleeping,unmarried,0,-56600,Multi-vehicle Collision,Side Collision,Minor Damage,Fire,SC,Columbus,1540 Apache Lane,14,3,NO,2,1,NO,44280,4920,4920,34440,2008,0,0.0015667903,Low
259,42,OH,100/300,2000,1170.53,0,FEMALE,PhD,armed-forces,sleeping,wife,65000,-49200,Multi-vehicle Collision,Rear Collision,Total Loss,Fire,WV,Northbend,8897 Sky St,17,3,NO,1,2,YES,62590,5690,11380,45520,2006,0,0.0015663563,Low
356,47,IN,250/500,2000,1155.97,0,MALE,High School,prof-specialty,camping,husband,0,0,Single Vehicle Collision,Side Collision,Minor Damage,Other,SC,Columbus,2862 Tree Ridge,5,1,YES,0,3,,61490,5590,11180,44720,2009,0,0.0013773843,Low
259,43,IL,100/300,500,947.75,0,FEMALE,Masters,farming-fishing,base-jumping,not-in-family,0,-39300,Vehicle Theft,,Trivial Damage,Police,SC,Riverwood,2873 Flute Ave,15,1,NO,1,3,NO,7680,1280,640,5760,2008,0,0.0012015685,Low
91,27,IL,100/300,2000,1073.83,0,FEMALE,JD,farming-fishing,polo,husband,0,0,Vehicle Theft,,Trivial Damage,,NY,Arlington,2280 4th Ave,4,1,,1,2,,7260,1320,660,5280,2008,0,0.0011867722,Low
211,35,IL,100/300,500,1040.75,0,FEMALE,JD,prof-specialty,paintball,not-in-family,0,0,Single Vehicle Collision,Rear Collision,Total Loss,Ambulance,WV,Northbend,2275 Best Lane,1,1,YES,1,1,,42000,7000,7000,28000,2011,0,0.0011510053,Low
164,31,IN,500/1000,500,1114.68,0,FEMALE,Associate,other-service,reading,husband,44500,-55900,Vehicle Theft,,Trivial Damage,Police,SC,Springfield,8233 Tree Drive,5,1,YES,1,0,NO,4320,480,480,3360,2002,0,0.0010932346,Low
251,39,IN,500/1000,2000,1231.98,0,FEMALE,Associate,other-service,hiking,not-in-family,0,-31700,Single Vehicle Collision,Rear Collision,Minor Damage,Police,NY,Hillsdale,1381 Francis Ave,10,1,YES,0,0,,44240,5530,5530,33180,1997,0,0.0010034068,Low
298,49,OH,250/500,500,1451.01,0,FEMALE,College,other-service,exercise,own-child,47800,0,Single Vehicle Collision,Front Collision,Minor Damage,Ambulance,NY,Springfield,2005 Texas Hwy,17,1,NO,2,2,NO,28100,2810,5620,19670,2012,0,0.00096797413,Low
92,32,IL,500/1000,500,1592.41,0,MALE,Masters,prof-specialty,yachting,husband,58900,-29100,Single Vehicle Collision,Rear Collision,Total Loss,Ambulance,WV,Columbus,5771 Best St,22,1,,2,3,YES,53400,5340,5340,42720,1996,0,0.0009342653,Low
73,30,OH,100/300,500,803.36,0,FEMALE,High School,protective-serv,reading,husband,0,0,Multi-vehicle Collision,Rear Collision,Total Loss,Other,WV,Springfield,4653 Pine St,15,3,,0,0,YES,57000,0,11400,45600,2013,0,0.00091253023,Low
32,38,IL,250/500,2000,566.11,5000000,MALE,Associate,armed-forces,polo,unmarried,0,0,Parked Car,,Trivial Damage,Police,NC,Springfield,9397 5th Hwy,22,1,YES,0,0,NO,2640,440,440,1760,2015,0,0.00090715504,Low
193,40,IL,100/300,500,1155.38,0,FEMALE,PhD,handlers-cleaners,movies,not-in-family,34200,-32300,Single Vehicle Collision,Side Collision,Minor Damage,Fire,NY,Columbus,6581 Rock Ridge,6,1,NO,0,0,YES,63900,6390,6390,51120,2001,0,0.0008866531,Low
155,35,OH,250/500,1000,919.37,0,FEMALE,Associate,protective-serv,hiking,not-in-family,83600,0,Single Vehicle Collision,Front Collision,Minor Damage,Ambulance,NY,Northbrook,1331 Elm Ridge,0,1,,0,3,,48360,8060,8060,32240,1997,0,0.0008697162,Low
33,32,OH,100/300,500,1402.78,5000000,FEMALE,PhD,other-service,base-jumping,husband,70300,-50300,Single Vehicle Collision,Rear Collision,Minor Damage,Ambulance,NY,Northbrook,8879 1st Drive,2,1,YES,0,1,,56070,6230,12460,37380,2012,0,0.000866873,Low
258,46,IN,100/300,1000,1110.37,10000000,MALE,MD,machine-op-inspct,hiking,other-relative,34400,-56800,Multi-vehicle Collision,Side Collision,Total Loss,Other,NY,Riverwood,4539 Texas St,14,3,NO,0,1,,47700,4770,9540,33390,1997,1,0.00083870837,Low
155,35,IL,500/1000,1000,1088.34,0,FEMALE,Associate,adm-clerical,yachting,other-relative,81100,0,Multi-vehicle Collision,Front Collision,Total Loss,Police,NY,Arlington,6092 5th Ave,16,3,YES,2,3,NO,29790,3310,3310,23170,2008,0,0.0008261962,Low
122,34,IN,250/500,1000,1220.71,0,MALE,PhD,machine-op-inspct,video-games,own-child,58600,-28700,Parked Car,,Minor Damage,,SC,Northbend,9101 2nd Hwy,5,1,,2,1,YES,8190,1890,1260,5040,2013,0,0.00074684276,Low
122,29,OH,250/500,1000,1629.94,0,FEMALE,Masters,priv-house-serv,skydiving,other-relative,0,-47100,Parked Car,,Trivial Damage,,SC,Riverwood,7828 Cherokee Ave,17,1,,0,1,NO,3850,350,350,3150,2014,0,0.0007084514,Low
103,27,IN,100/300,1000,1537.33,0,FEMALE,College,handlers-cleaners,board-games,husband,0,-74800,Multi-vehicle Collision,Front Collision,Minor Damage,Police,NY,Springfield,6158 Sky Ridge,11,3,YES,1,1,NO,77700,7770,15540,54390,2008,0,0.00065157027,Low
76,31,OH,500/1000,500,1493.5,5000000,FEMALE,Associate,priv-house-serv,movies,not-in-family,39900,-44000,Vehicle Theft,,Minor Damage,Police,WV,Northbrook,4237 4th St,7,1,NO,2,1,NO,8030,1460,730,5840,1995,0,0.00063289586,Low
209,39,IN,100/300,500,1264.99,0,MALE,PhD,transport-moving,polo,husband,67800,0,Single Vehicle Collision,Side Collision,Minor Damage,Fire,VA,Northbrook,3340 3rd Hwy,22,1,,1,1,NO,37800,8400,4200,25200,1995,0,0.0006271202,Low
120,35,OH,100/300,1000,1425.54,0,FEMALE,High School,transport-moving,bungie-jumping,other-relative,78300,0,Multi-vehicle Collision,Front Collision,Total Loss,Ambulance,SC,Riverwood,5053 Tree Drive,22,3,NO,2,0,NO,51210,11380,5690,34140,2010,0,0.0006102994,Low
446,57,IN,100/300,2000,1373.21,0,MALE,College,adm-clerical,sleeping,unmarried,42700,-64900,Multi-vehicle Collision,Front Collision,Total Loss,Police,SC,Northbrook,9734 2nd Ridge,10,3,NO,0,0,NO,62800,6280,12560,43960,2012,0,0.00059432216,Low
377,53,IL,100/300,500,1693.63,0,FEMALE,MD,craft-repair,kayaking,unmarried,0,-64000,Multi-vehicle Collision,Front Collision,Total Loss,Fire,WV,Hillsdale,5640 Embaracadero Lane,10,3,YES,1,3,NO,59040,6560,6560,45920,2015,0,0.0005596517,Low
36,37,IL,500/1000,1000,1115.81,0,FEMALE,Masters,machine-op-inspct,reading,husband,0,-59800,Multi-vehicle Collision,Side Collision,Minor Damage,Ambulance,NY,Columbus,2697 Oak Drive,20,3,YES,1,3,,48780,5420,10840,32520,2008,0,0.0005494957,Low
84,30,IL,500/1000,2000,1035.79,0,FEMALE,MD,protective-serv,kayaking,wife,44400,-51500,Single Vehicle Collision,Side Collision,Minor Damage,Police,SC,Northbend,3184 Oak Ave,9,1,NO,1,0,YES,57640,5240,10480,41920,2010,0,0.0005462635,Low
78,31,OH,250/500,1000,1377.23,0,FEMALE,Masters,armed-forces,kayaking,unmarried,72600,0,Multi-vehicle Collision,Side Collision,Minor Damage,Other,NY,Hillsdale,9240 Britain Ave,1,3,,2,1,,52290,5810,11620,34860,1997,0,0.0004548062,Low
37,23,IL,500/1000,500,1475.93,0,FEMALE,College,prof-specialty,hiking,husband,0,-67400,Multi-vehicle Collision,Side Collision,Minor Damage,Other,SC,Springfield,3221 Solo Ridge,17,3,YES,1,0,NO,51660,5740,5740,40180,2010,0,0.00045242067,Low
47,34,IL,500/1000,500,1161.31,0,FEMALE,PhD,exec-managerial,base-jumping,other-relative,64800,-24300,Single Vehicle Collision,Front Collision,Minor Damage,Police,SC,Springfield,1707 Sky Ave,23,1,YES,1,3,,62920,11440,5720,45760,2012,0,0.0004438543,Low
93,32,OH,250/500,2000,1624.82,0,MALE,PhD,exec-managerial,basketball,unmarried,65300,-65600,Single Vehicle Collision,Side Collision,Minor Damage,Ambulance,WV,Northbend,4965 MLK Drive,16,1,,1,1,,78120,17360,8680,52080,2006,0,0.00040712173,Low
232,42,IN,100/300,500,944.03,0,MALE,College,handlers-cleaners,kayaking,not-in-family,0,-58400,Single Vehicle Collision,Rear Collision,Minor Damage,Other,WV,Riverwood,8269 Sky Hwy,11,1,YES,2,3,,77000,15400,7700,53900,2015,1,0.00036010996,Low
330,50,IL,500/1000,1000,978.46,0,FEMALE,High School,sales,yachting,husband,0,0,Single Vehicle Collision,Side Collision,Total Loss,Fire,NY,Hillsdale,6634 Texas Ridge,19,1,YES,0,0,NO,49060,8920,8920,31220,1995,0,0.00027366218,Low
35,29,IN,500/1000,2000,653.66,0,FEMALE,JD,handlers-cleaners,video-games,unmarried,52100,-46900,Multi-vehicle Collision,Rear Collision,Minor Damage,Fire,SC,Springfield,5455 Tree Ridge,22,3,NO,0,0,,78300,15660,7830,54810,2009,0,0.00026766903,Low
27,33,IL,100/300,500,1442.99,0,FEMALE,PhD,other-service,golf,own-child,0,0,Single Vehicle Collision,Front Collision,Total Loss,Police,WV,Arlington,4872 Rock Ridge,21,1,NO,1,1,YES,27700,2770,2770,22160,2012,0,0.00025224686,Low
187,34,IN,500/1000,500,1232.57,0,FEMALE,PhD,machine-op-inspct,polo,not-in-family,59500,0,Multi-vehicle Collision,Side Collision,Minor Damage,Fire,NY,Arlington,5191 4th St,7,3,,0,0,,45100,8200,4100,32800,2011,0,0.00020428299,Low
238,39,IN,250/500,2000,1488.02,0,FEMALE,JD,protective-serv,exercise,other-relative,0,-39200,Vehicle Theft,,Minor Damage,Police,NY,Northbrook,5445 Tree Hwy,9,1,YES,1,3,YES,5500,1100,550,3850,2010,0,0.00020209783,Low
30,36,IN,500/1000,500,1488.26,0,FEMALE,College,machine-op-inspct,golf,wife,0,-63500,Multi-vehicle Collision,Side Collision,Total Loss,Police,WV,Northbrook,4627 Elm Ridge,17,3,NO,2,2,,57900,5790,5790,46320,2008,0,0.00020174647,Low
228,44,IL,500/1000,1000,1583.91,6000000,MALE,Associate,sales,board-games,unmarried,66000,-46000,Vehicle Theft,,Minor Damage,,NY,Arlington,3041 3rd Ave,20,1,NO,0,1,NO,6500,1300,650,4550,2009,0,0.0001959256,Low
103,26,IL,100/300,500,1354.83,0,MALE,MD,tech-support,sleeping,husband,66300,0,Multi-vehicle Collision,Front Collision,Minor Damage,Police,NY,Arlington,4721 Cherokee Hwy,14,2,NO,2,2,,40600,4060,4060,32480,2010,0,0.0001826595,Low
97,27,OH,500/1000,500,1588.26,0,FEMALE,High School,tech-support,movies,husband,56700,-49300,Multi-vehicle Collision,Side Collision,Total Loss,Other,VA,Riverwood,7835 Cherokee Hwy,22,3,YES,2,1,YES,75690,8410,8410,58870,2014,0,0.00012878784,Low
219,40,OH,100/300,500,1134.91,0,FEMALE,Associate,transport-moving,golf,not-in-family,68700,0,Vehicle Theft,,Trivial Damage,,SC,Riverwood,5901 Elm Drive,6,1,,1,0,NO,6400,640,640,5120,1997,0,0.00012645214,Low
